제목1,제목2,seq_score
[학부] 2020학년도 2학기 「좋은수업에세이」 공모전 시행 공고,[대학혁신지원사업] 2020학년도 2학기 「좋은수업에세이」 공모전 시행 공고,0.8857142857142857
2025학년도 학부 신입생 수강신청 안내,2025학년도 1학기 학부 수강신청 안내,0.8181818181818182
2022년 10월 4주(1차) 추천 채용 정보 안내,2022. 10월 2주 추천 채용 정보 안내,0.8979591836734694
[입학본부] 2018년 전공알림단 선발 안내,2018학년도 전공알림단 선발 안내,0.8292682926829268
2015년 2학기 2차 희망사다리 신규 장학생 신청 안내,[학부] 2015년 2학기 2차 희망사다리 신규 장학생 수요조사 안내(~11.3),0.8285714285714286
2023학년도 신입생 학생증 발급 안내,[안내] 2023학년도 신입생(재학생) 학생증 발급 안내,0.875
2015학년도 2학기 경북대학교 수학 안내,2015학년도 2학기 전북대학교 수학 안내,0.9565217391304348
2021학년도 1학기 군입대 및 질병휴학자의 수강과목 철회(성적포기) 여부 조사 안내,2021학년도 1학기 군입대 및 질병휴학자의 수강과목 철회(성적포기) 여부 조사,0.9655172413793104
(2학기) 학생생활관 조기입사대상자 추천,(20-2학기) 학생생활관 조기입사대상자 추천 협조 요청,0.8333333333333334
2018년 대학생 재능봉사 제17기 하계 캠프 참여 멘토 모집 안내,2018년 제17기 재능봉사 하계 캠프 참여 멘토 모집 안내,0.8285714285714286
2023학년도 1학기 학석사 연계과정 모집 안내,2023학년도 1학기 학석사 연계과정 모집 안내-10.13.목까지,0.8813559322033898
2021학년도 1학기 한양대학교 일반대학원 학점교류 안내,2021학년도 1학기 전남대학교 일반대학원 학점교류 안내,0.935483870967742
2024년 국제재생에너지기구(IRENA) 근무 인턴 후보자 추가모집 안내,2024년 국제에너지기구(IEA) 근무 인턴 후보자 추가모집 안내-4.17.수.18시까지,0.8395061728395061
2018학년도 1학기 중국 자매대학 파견교환학생 2차 추가선발,2018학년도 1학기 중국 자매대학 파견교환학생 2차 추가선발 계획,0.9577464788732394
『2022년 제25기 하계 대학생 재능봉사 캠프사업』 대학생 멘토 모집 안내,『2022년 제25기 하계 대학생 재능봉사 캠프사업』 대학생 멘토 모집 안내-6.13.월까지,0.9302325581395348
[대학혁신_교수사업] 2022학년도 2학기 [메이저러너] 프로그램 시행 공고,[대학혁신_교수학습] 2022학년도 2학기 [메이저러너] 프로그램 시행 공고,0.9473684210526316
2011년도 1학기 농촌희망재단 장학생 선발,2011년도 1학기 농촌희망재단(계속자및신규자) 장학생 선발 안내,0.8275862068965517
2023학년도 2학기 학부생 재입학 추가모집 계획 알림,2023학년도 2학기 학부생 재입학 추가모집 계획 알림-8.2.수까지,0.9230769230769232
2025학년도 오리엔테이션 미참석 신입생 대상 에코백 등 배부 안내(3/4(화) ~ 3/7(금) 18시까지),2025학년도 입학식/오리엔테이션 미참석 신입생 대상 에코백 등 배부 안내,0.8222222222222222
2022. 10월 3주 추천 채용 정보 안내,2022년 10월 2주 추천 채용 정보 안내,0.9361702127659576
2023학년도 신입생(1학년) 강원대학교 핵심역량 진단(KCCA) 홍보,2023학년도 신입생(1학년) 강원대학교 핵심역량 진단(KCCA)홍보 및 참여 협조 요청,0.85
2019. 전기 일반대학원 신입생(정원내) 2차 모집 안내 홍보 협조,(1/10마감) 2019. 전기 일반대학원 신입생(정원내) 2차 모집 안내,0.8285714285714286
2021학년도 동계 계절수업 서울시립대학교 교류수학 안내,2021학년도 동계 계절수업 서울시립대학교 학점교류 수학 안내,0.953846153846154
2023학년도 겨울 계절수업 제주대학교 교류수학 안내-10.24.화까지,2023학년도 동계 계절수업 인하대학교 교류수학 안내-11.10.금까지,0.8055555555555556
[안내]2017학년도 1학기 재학생 등록금 수납계획 알림,2017학년도 1학기 재학생 등록금 수납계획 안내,0.8928571428571429
『2021년 제23기 학계 대학생 재능봉사 캠프 사업』 대학생 멘토 모집 공고,『2021년 제23기 동계 대학생 재능봉사 캠프 사업』 대학생 멘토 모집 공고,0.975609756097561
2020학년도 동계 계절수업 해외어학연수 학점인정 신청 안내,2020학년도 동계 계절수업（단기해외어학연수） 학점인정 신청 안내,0.9552238805970148
2022학년도 1학기 재학생 등록금 1차 추가 납부기간 안내,2022학년도 1학기 재학생 등록금 1차 추가납부기간 안내,0.9846153846153848
[공통] 2022-1학기 코로나19 대응 재학생 마음건강 지원 프로그램 안내,2022-1학기 코로나19 대응 재학생 마음건강 지원 프로그램 홍보,0.9066666666666666
'내가 만드는 발명의 날 60주년 기념식 공모' 홍보 협조요청,＇내가 만드는 발명의 날 60주년 기념식 공모＇ 안내,0.847457627118644
(필독)2023학년도 2학기 수강신청 안내,2023학년도 2학기 수강신청 안내,0.95
2020학년도 2학기 등록 및 휴·복학 일정 안내,2020학년도 2학기 등록 및 휴·복학 신청 안내,0.9230769230769232
2022학년도 2학기 재학생 등록금 2차 추가납부기간 안내,2022학년도 2학기 재학생 등록금 1차 추가 납부기간 안내,0.953846153846154
(국가거점국립대학교) 2025. 1학기 경상국립대학교 교류 수학 안내,(국가거점국립대학교) 2025학년도 1학기 충북대학교 교류 수학 안내,0.8732394366197183
2020학년도 1학기 부산대학교 교류 수학 안내,2020학년도 1학기 경북대학교 교류 수학 안내,0.9230769230769232
[글로컬_학생중심] 2025학년도 1학기 『메이저러너』 시행 공고,[글로컬_학생중심] 2025학년도 1학기 「챌린지러너」 시행 공고,0.90625
2011학년도 동계 계절수업 수강신청 안내,2011학년도 동계 계절수업 수업시간표 및 수강신청 안내,0.8518518518518519
2020학년도 2학기 비대면 수업 만족도 조사 안내,2020-2 비대면 수업 만족도 조사,0.8085106382978723
2018학년도 1학기 수강신청 기간 변경 안내,[안내]2018학년도 1학기 수강신청 기간변경 안내,0.9411764705882352
2023학년도 전기 일반대학원 신입생(정원내) 모집,2023학년도 전기 일반대학원 신입생(정원내) 모집 요강,0.9454545454545454
한국문화예술위원회 아르코문화예술전문가코스 교육 안내-신청11.30.수까지,한국문화예술위원회 아르코문화예술전문가코스 교육 안내,0.8615384615384616
2023-2학기 국가장학금 신청자 가구원 동의 안내,2023-2학기 국가장학금 신청자 가구원 동의  요청,0.925925925925926
2014학년도 동계 계절학기 해외어학연수 학점인정 신청안내,2014학년도 하계 계절학기 해외어학연수 학점인정 신청안내,0.96875
2024학년도 여름 계절수업 전남대학교 학점교류 수학 안내,2024학년도 하계 계절수업 세종대학교 교류수학 안내,0.819672131147541
2015-1학기 집단상담 참여자 모집,2015-1학기 집단상담 참여자 모집 안내,0.926829268292683
2023년도 학생 e-루리 장애인식개선교육(법정의무교육) 수강 안내,2023년도 학생 대상 e-루리 폭력예방교육(법정의무교육) 수강 안내,0.8115942028985508
[안내]2020-2학기 KNU핵심역량장학금 선발 계획 안내,2020-2학기 KNU핵심역량장학금 선발 계획 안내,0.9642857142857144
2025학년도 1학기 학·석사 연계과정 모집 안내,2025학년도 2학기 학.석사 연계과정 신청 안내,0.8846153846153846
2021학년도 하계 계절수업 한양대학교 교류수학 안내,2021학년도 하계 계절수업 부산대학교 교류수학 안내-5.4.화까지,0.8571428571428571
2016학년도 롯데장학재단 장학생 선발 안내,2016학년도 아산사회복지재단 장학생 선발 안내,0.8
2021학년도 제1차 교내 졸업자격인증 모의토익 시험일자 안내,2021학년도 제1차 교내 졸업자격인증 모의토익 시험 안내,0.9696969696969696
2017 K-Engineering 디자인 캠프 참가학생 모집 안내,2017  K-Engineering 디자인 캠프 참가자 모집 안내(기간연장),0.9041095890410958
[한국문화관광연구원] 제4회 관광통계 인포그래픽 공모전,한국문화관광연구원 제4회 관광통계 인포그래픽 공모전 개최 안내,0.9032258064516128
학사과정 교육과정 편성 ․ 운영 진단 연구 공모 재공고,학사과정 교육과정 편성·운영 진단 연구 공모 재공고,0.9818181818181818
2022학년도 교원양성과정 제1차 응급처치 및 심폐소생술 실습 교육 안내,[교직] 2022학년도 교원양성과정 응급처치 및 심폐소생술 실습 교육 계획 공고,0.8292682926829268
2016학년도 1학기 사회봉사과목 수강 및 봉사활동 신청 안내(2/16~3/9),2016-1 사회봉사과목 수강 및 봉사활동 신청 안내,0.835820895522388
2022학년도 1학기 외국인 유학생 튜터링 프로그램 홍보,(1/16마감) 2022학년도 1학기 외국인 유학생 튜터링 프로그램 안내,0.8529411764705882
2022학년도 2학기 일반대학원 수업평가 안내,2022학년도 2학기 기말 수업평가 시행 안내,0.8
[대학원] 2025학년도 1학기 일반대학원 석사학위청구논문 대체인정 실적 심사 안내,[공지][대학원] 2025학년도 1학기 일반대학원 학위청구논문심사 안내,0.8354430379746836
2021학년도 하계 계절수업 국가유공자（본인） 수업료 면제 안내,2021학년도 하계 계절수업 국가유공자 본인의 계절수업료 면제 안내,0.9428571428571428
2021학년도 2학기 서울시립대학교 대학원 학점교류 운영 안내,2021학년도 2학기 충남대학교 대학원 학점교류 안내,0.8571428571428571
2015학년도 2학기 경상대학교 수학 안내,2015학년도 2학기 제주대학교 수학 안내,0.9130434782608696
[LINC3.0 사업단]강원대-한림대 LINC 3.0 사업단 모의경영  RPG 경진대회 운영 안내,강원대-한림대 LINC 3.0 사업단 모의경영 RPG 경진대회 운영 안내(5/8(월) 13시까지),0.8
(국가거점국립대학교) 2023학년도 1학기 전남대학교 교류 수학 안내,(국가거점국립대학교) 2023학년도 1학기 경상국립대학교 교류 수학 안내,0.918918918918919
(10/27마감) 대학일자리센터 특화프로그램 <공모전 대비 온라인 특강> 안내,대학일자리센터 특화프로그램 _공모전 대비 온라인 특강_ 안내,0.8732394366197183
2023학년도 하계 계절수업 서울대학교 교류수학 안내,2023학년도 여름 계절수업 한양대학교 교류수학 안내,0.8620689655172413
2022 KNU 하계 부트캠프 『아이컨택; ICT』신청 안내,2022년도 KNU 하계 부트캠프 『아이컨택; ICT』 신청 안내,0.9523809523809524
2023-2 유한재단 신규장학생 선발 안내,2023학년도 2학기 유한재단 신규장학생 선발 안내(2차),0.8461538461538461
강원도 대학생 혁신창업 아이디어 캠프(코너스톤 연계) 추가 모집 안내,(11/15마감) 강원도 대학생 혁신창업 아이디어 캠프(코너스톤 연계) 추가 모집 안내,0.9113924050632912
"2024년 [학내 마음건강 지원 1,2학년 온라인 심리검사] 운영 안내","2024학년도 「학내 마음건강 지원 1,2학년 온라인 심리검사」 운영 안내",0.972972972972973
2016학년도 1학기 경상대학교 수학 안내,2016학년도 1학기 서울대학교 수학 안내,0.9130434782608696
KNU 미래도서관 실감영상 콘텐츠 공모전 안내,[국립대학육성사업] KNU미래도서관 실감영상 콘텐츠 공모전 안내,0.8275862068965517
2021-2 등록금 재학생 2차 추가납부 및 수업연한초과자 납부기간,2021-2 등록금 재학생 2차 추가납부 및 수업연한초과자 납부기간 알림,0.96
2024 KNU 코딩 캠프 『뒤풀이; The Free』 모집 안내,2024 KNU 코딩 캠프; 뒤풀이(The Free) 재학생 참가자 모집,0.8285714285714286
[학부]2017학년도 1학기 특별장학금 장학생 선발계획 안내,2017학년도 1학기 특별장학금 장학생 선발계획 안내(4/27까지),0.8923076923076924
2019학년도 1학기 충남대학교 학점교류 안내,2019학년도 1학기 서울시립대 학점교류 안내,0.84
2024학년도 2학기 재학생 등록금 수납계획 알림,[등록]2024학년도 2학기 재학생 등록금 수납 계획 안내,0.8771929824561403
2021 하계 계절수업 경상국립대학교 교류수학 안내,2021학년도 하계 계절수업 서울대학교 교류수학 안내,0.8421052631578947
2019학년도 2학기 학부생 재입학 모집 계획 알림,2019학년도 2학기 학부생 재입학 모집,0.88
[장학]2021학년도 1학기 춘천지역로타리장학재단 장학생 선발 안내,2021학년도 1학기 춘천지역로타리장학재단 장학생 선발 안내,0.9705882352941176
2021학년도 2학기 경상국립대학교 교류 수학 안내,2021학년도 2학기 서울시립대학교 교류 수학 안내-7.19.월까지,0.8064516129032258
2015학년도 1학기 한국교원대학교 수학 안내,2015학년도 1학기 강릉원주대학교 수학 안내,0.88
2020학년도 하계 계절수업 숙명여자대학교 교류수학 안내,2020학년도 하계 계절수업 인하대학교 학점 교류 수학 안내-5.15,0.8059701492537313
"2023년도 ""농식품산업 관련 아이디어 경진대회"" 참가자 모집",2023년도 「농식품산업 관련 아이디어 경진대회」안내,0.847457627118644
"2021-1학기 국가장학금Ⅱ유형 긴급 지원(실직, 폐업) 장학생 선발","2021-1학기 국가장학금Ⅱ유형 긴급 지원(실직,폐업) 장학생 선발 기간 연장 안내",0.868421052631579
2024-1학기 재학생 등록금 4차 추가 납부기간 안내,2024학년도 1학기 재학생 등록금 4차（마지막） 추가 납부기간 안내,0.8923076923076924
(8/11마감) [교육혁신본부] 2024학년도 하계 도파밍 리더십 캠프 모집 안내,2024학년도 하계 도파밍 리더십 캠프 모집 안내,0.8059701492537313
2023학년도 2학기 국가장학금 1차 신청 안내,2023년 2학기 국가장학금 1차 신청 안내,0.96
2014학년도 대학 신입생 우선면제 대상자 장학 안내,2014학년도 대학 신입생 우선면제 대상자 장학안내,0.9824561403508772
2025년 도서관 곰두리 캐릭터 공모전 안내,(6/13마감) 2025년 도서관 곰두리 캐릭터 공모전 안내,0.8888888888888888
(5/29마감) 2022학년도 1학기 「KNU 직무박람회」 개최 안내,2022학년도 1학기 KNU 직무박람회 개최 안내,0.9
(4/1마감) 2022. 1차 정보화 활용능력 향상 프로그램 운영 안내,2022. 1차 정보화 활용능력 향상 프로그램 운영 안내,0.9230769230769232
「2025 캠퍼스 특허 유니버시아드(CPU) 대회 설명회 개최」 안내 및 홍보,‘2025 캠퍼스 특허 유니버시아드(CPU)’ 대회 설명회 개최 안내,0.9315068493150684
2021학년도 2학기 강릉원주대학교 일반대학원 학점교류 안내,2021학년도 2학기 경북대학교 대학원 학점교류 운영 안내,0.8307692307692308
2020-1학기 학습역량회복지원 「러닝코어」프로그램 사업 공고,[대학혁신지원사업]2020-1학기 학습역량회복지원 「러닝코어」프로그램 사업 공고,0.8857142857142857
2009학년도 1학기 전남대학 수학안내,2009학년도 1학기 경상대학 수학안내,0.9047619047619048
2022학년도 2학기 동국대학교 교류 수학 안내,2022학년도 2학기 전북대학교 교류 수학 안내,0.9230769230769232
2022학년도 2학기 외국인 유학생 튜터링 프로그램 홍보 협조 요청,2022학년도 2학기 외국인 유학생 튜터링 프로그램 홍보 협조 요청-7.21.목까지,0.925
[공통] 2022-2학기 재학생 등록금 1차 추가납부기간 알림,2022학년도 2학기 재학생 등록금 1차 추가 납부기간 안내,0.8125
강원대학교 '2024 강원그룹 가상회사 인턴십 프로그램' 참가자 모집 안내,강원대학교 '2024 강원그룹 가상회사 인턴십 프로그램' 안내,0.9014084507042254
2018학년도 1학기 인하대학교 교류 수학 안내,2018학년도 1학기 숙명여자대학교 교류 수학 안내,0.8888888888888888
개인형 이동장치(PM) 교내 운행 전면 금지 알림,개인형 이동장치(PM) 교내 운행 전면 금지 안내,0.92
2021년도 1학기 일반대학원 학위논문제출자격시험 시행 추진계획,2021학년도 1학기 일반대학원 학위논문제출자격시험 시행 추진계획 알림,0.945945945945946
2016학년도 신입생 인적성검사 실시,2016학년도 신입생 인적성검사 실시 안내,0.9302325581395348
2011학년도 1학기 특별장학금 선발계획 알림(4.12-4.20),2011학년도 1학기 특별장학금 선발계획 알림,0.8928571428571429
2023학년도 교육지원 모니터 요원 모집 안내-9.15.금.18시까지,2023학년도 교육지원 모니터 요원 모집 안내,0.847457627118644
(5/24마감) 2025년 고교-대학 학습 동행 프로그램 대학생 멘토 모집,2025년 고교-대학 학습 동행 프로그램 대학생 멘토 모집,0.9117647058823528
[안내]2015학년도 경력마일리지 제도 운영 재안내,2015학년도 경력마일리지 제도 운영 재안내,0.96
2022학년도 겨울 계절수업 국가유공자 본인의 계절수업료 면제 안내,2022학년도 겨울 계절수업 국가유공자（본인） 수업료 면제 안내,0.9428571428571428
2014학년도 국제어학원 봄학기 영어특강,2014학년도 국제어학원 봄학기 영어특강 안내,0.9361702127659576
2016 강원혁신도시 이전공공기관 합동채용설명회 안내,2016년 상반기 강원혁신도시 이전공공기관 합동채용설명회 개최 계획 안내,0.8405797101449275
2019학년도 제5차 교내 졸업자격인증 모의토익 시험일장 안내(12.2.~12.6.),2019학년도 제5차 교내 졸업자격인증 모의토익 시험일자 안내,0.8918918918918919
2015학년도 중국 남경농업대학 섬머스쿨 파견 신청[~6/9],2015학년도 중국 남경농업대학 섬머스쿨 파견자 선발,0.8813559322033898
2021학년도 2학기 국가근로장학금 학생신청 기간 안내,2021학년도 2학기 국가근로장학금 학생신청기간 안내,0.9830508474576272
2021 후기 조기졸업 신청 안내,[학부] 2021학년도 후기 조기졸업 신청 안내,0.8571428571428571
두을장학재단 제 22기 두을장학생 선발 안내,[장학] 두을장학재단 제22기 두을장학생 선발 안내,0.92
"2024 KNU 리빙랩 메이커톤 개최 및 모집 안내-7.31.수까지,행사8.13-8.14",2024 KNU 리빙랩 메이커톤 개최 및 모집 안내,0.8
2024년도 2학기 국가근로장학금 학생신청기간 안내,2024년 2학기 국가근로장학생 장애학생도우미 신청 안내,0.8135593220338984
2018학년도 2학기 경영대학 전산실 학과장특별장학생 모집 공고,2018학년도 2학기 회계학전공 사무실 학과장특별장학생 모집 공고,0.8450704225352113
2021학년도 2학기 국가근로장학금 희망근로기관 신청 안내,2021-2 국가근로장학금 희망근로기관 신청 안내,0.896551724137931
2022학년도 여름 계절수업 경상국립대학교 교류수학 안내,2022학년도 여름 계절수업 경상국립대학교 학점교류 수학 안내,0.953846153846154
2018학년도 1학기 한양대학교 교류 수학,2018학년도 1학기 전남대학교 교류 수학 안내,0.8571428571428571
2025년 상반기 한미 대학생 연수(WEST) 프로그램 참가자 모집 안내,2025년 상반기 한·미 대학생 연수 (WEST) 프로그램 참가자 모집 안내,0.987012987012987
2017-2학기 장학사정관제 장학금 장학생 선발계획 알림,2017-2학기 장학사정관제 장학금 장학생 선발계획 알림(~12.14),0.9375
2018 년 학생대상-인권·성평등(폭력 예방) 온라인 교육 안내,2018년 인권/성평등 (폭력 예방) 온라인 교육 안내,0.896551724137931
2020학년도 1학기 수업 기말평가 시행 안내,2020-1학기 수업 기말평가 시행 안내,0.9130434782608696
2021- 1 고졸 후학습자 장학금(희망사다리Ⅱ유형) 신규장학생 학생신청 안내,[학부]2021학년도 1학기 고졸 후학습자 장학금(희망사다리Ⅱ유형) 신규장학생 신청 기간 안내,0.8636363636363636
2021년 서울장학재단 희망플러스장학금 장학생 선발 안내-3.19,2021년 서울장학재단 희망플러스 장학금 장학생 선발 안내,0.9393939393939394
"2024학년도 2학기 기말 수업평가 시행 안내(~1.7,17:00)",2024학년도 2학기 기말 수업평가 시행 안내  24.12.31~25.1.7,0.8059701492537313
"""제3기 큐레이터 준비 과정"" 프로그램","""제3기 큐레이터 준비 과정"" 프로그램 홍보 협조 요청",0.8085106382978723
선후배 진로지도 멘토링 프로그램 「키멘; KNU-멘토링」 신청 안내,[국립대학육성사업] 선후배 진로지도 멘토링 프로그램 「키멘; KNU-멘토링」 신청 안내,0.88
2024학년도 1학기 국가근로장학금 희망근로기관 신청 안내,2024학년도 1학기 국가장학금 2차 신청 안내,0.8275862068965517
2023 GUCCI LUXURY JOB CONCERT 견학 참가자 모집 안내,2023 GUCCI LUXURY JOB CONCERT 견학 참가자 모집 안내 및 공결 협조  요청,0.8842105263157894
신입생(저학년) 진로개발 프로그램 실시 안내,2014년도 신입생(저학년) 진로 개발 프로그램 실시 안내,0.8461538461538461
[국립대학육성사업] 2024학년도 학생상담센터 심리건강 지킴이 「두리다리」 홍보 협조 요청.hwx,[국립대학육성사업] 2024학년도 학생상담센터 심리건강 지킴이 「두리다리」 홍보\,0.898876404494382
강원혈액원 헌혈우수장학금 선발공고,2013년 강원혈액원 헌혈우수장학금 선발공고,0.8571428571428571
[학부]「2021년도 KNU 행복문고」프로그램 운영 안내,[춘천] 「2021년도 KNU 행복문고」 프로그램  신청 안내,0.8214285714285714
2023학년도 2학기 수강신청 변경기간 및 방법  알림,[학부] 2023학년도 2학기 수강신청 과목 변경기간 및 방법 안내,0.84375
2022학년도 2학기 한양대학교 교류 수학 안내,2022학년도 2학기 충남대학교 교류 수학 안내,0.9230769230769232
[학부]강원대학교 공자아카데미 브이로그 공모전 개최 안내,강원대학교 공자아카데미 브이로그 공모전 안내,0.9056603773584906
2021학년도 하계 계절수업 충남대학교 교류수학 안내,2021학년도 하계 계절수업 숙명여자대학교 교류수학 안내-5.4,0.8709677419354839
[대학혁신지원사업] 2021학년도 2학기 「학습역량강화지원 프로그램 활동 수기」 공모전 시행 공고,(1/16마감) [대학혁신지원사업] 2021학년도 2학기 「학습역량강화지원 프로그램 활동 수기」 공모전 시행 공고,0.9433962264150944
2020학년도 1학기 본솔김종한장학재단 신규 장학생 선발 안내,2020학년도 1학기 본솔김종한장학재단 신규 장학생 선발 안내(~3.13.),0.9577464788732394
(국가거점국립대학교) 2024학년도 2학기 충남대학교 교류 수학 안내,(국가거점국립대학교) 2024학년도 2학기 전북대학교 교류 수학 안내,0.9444444444444444
2022학년도 전기(2023.2월) 본 졸업사정 실시 및 결과 확인 안내,2022학년도 전기('23.2월) 졸업사정 결과 확인 안내(온라인),0.8235294117647058
2025 KNU 대학일자리플러스센터 「이달의 공고반」 취업캠프 모집 안내,(2/9마감) 2025 KNU 대학일자리플러스센터 「이달의 공고반」 취업캠프 모집 안내,0.9382716049382716
[학부]「2021년도 KNU 행복문고」프로그램 운영 안내,[춘천]「2021년도 KNU 행복문고」프로그램 운영 안내,0.925925925925926
2019학년도 하계 계절수업 한양대학교 학점 교류 수학 안내,2019학년도 하계 계절수업 전남대학교 학점 교류 수학 안내,0.9393939393939394
[안내]2018학년도 대학생 청소년교육지원사업 나눔지기 모집 안내,2018학년도 대학생 청소년교육지원사업 나눔지기 모집 안내,0.9696969696969696
2023-1학기 재학생 등록금 2차 추가납부기간 알림,[안내]2023-1학기 재학생 등록금 2차 추가납부기간 알림,0.9655172413793104
（국가거점국립대학교） 2023. 2학기 충북대학교 교류 수학 안내,（국가거점국립대학교） 2023. 2학기 전북대학교 교류 수학 안내,0.9696969696969696
[웨비나 안내] Wiley 편집장과 함께하는 피어리뷰 프로세스와 출판윤리,Wiley 편집장과 함께하는 피어리뷰 프로세스와 출판윤리 강연 안내,0.8266666666666667
2022학년도 1학기 한림대학교 일반대학원 교류 수학 안내,2022학년도 1학기 서울시립대학교 교류 수학 안내,0.8
[외교부] 2019 믹타 영 리더스 캠프 참가자 모집 협조,[외교부] 2019 믹타 영 리더스 캠프 참가자 모집,0.9473684210526316
(국가거점국립대학교) 2023학년도 2학기 교류 수학 안내,(국가거점국립대학교) 2023학년도 2학기 제주대학교 교류 수학 안내-7.19.수.18시까지,0.8
2018학년도 헌혈우수자 장학생 선발 안내,[장학]2018년 헌혈우수자 장학생 선발 안내,0.9130434782608696
[학부]2021년 대통령과학장학금 학생 신청 안내,2021년 대통령과학장학금 학생 신청 안내 [1학년만 해당],0.8214285714285714
2024학년도 2학기 기말 수업평가 기간 안내(정정),2024학년도 2학기 기말 수업평가 안내,0.8979591836734694
2017년 2학기 푸른등대 기부장학사업 신규장학생 선발 안내 [8/4(금)까지],2017년 2학기 푸른등대 기부장학사업 신규장학생 선발 안내,0.9166666666666666
2016학년도 1학기 국가장학금 1차 신청기간 안내,2016학년도 1학기 국가장학금 1차 신청기간 안내(11.24~12.16.18시),0.835820895522388
2025학년도 여름 계절수업 가톨릭관동대학교 교류수학 안내,2025학년도 여름 계절수업 국립강릉원주대학교 교류수학 안내,0.8307692307692308
2021-2학기 재학생 등록금 1차 추가납부기간 알림,2021학년도 2학기 재학생 등록금 1차 추가납부기간 안내,0.8666666666666667
2013학년도 제주대학교 동계 계절학기 수학 안내,2013학년도 전남대학교 동계 계절학기 수학 안내,0.925925925925926
2025년 1학기 국가장학금 1차 신청 안내,2025년 1학기 국가근로장학금 학생신청기간 안내,0.8235294117647058
2024학년도 1학기 국가근로장학금 희망근로기관 신청시 기본요건 변경 안내,2024학년도 1학기 국가근로장학금 희망근로기관 신청 안내,0.8767123287671232
스마트캠퍼스 e-루리 온라인 시험 진행시 유의사항,스마트캠퍼스 e-루리 온라인 시험 진행시 학생용 유의사항 홍보 요청,0.8387096774193549
2020학년도 2학기 동국대학교 일반대학원 학점교류 안내,2020학년도 2학기 충북대학교 학점교류 안내,0.8214285714285714
"도서관(미래, 법학, 의학) 임시 휴관 안내-8. 9.(금) ~ 8. 11.(일)","도서관(미래, 법학, 의학) 임시 휴관 안내",0.8
2022-2학기 KNU-SOS 장학생 선발 안내,2022학년도 2학기 KNU-SOS 장학생 선발 계획 안내,0.8727272727272727
2019학년도 동계 계절수업 숙명여자대학교 학점 교류 수학 안내,2019학년도 동계 계절수업 숙명여자대학교 학점교류 수학 안내,0.9855072463768116
[공지] 1학기 해외 파견자 양성 프로그램「Global-Preview」 참가안내,1학기 해외 파견자 양성 프로그램「Global-Preview」,0.8857142857142857
2023/24 풀브라이트 미국대학 한국어 보조강사 프로그램 안내,2023/24 풀브라이트 미국 대학원 유학 장학 프로그램 안내,0.8059701492537313
(4/24마감) 2019학년도 하계 국내 실습학기제 운영 안내,2019학년도 하계 국내 실습학기제 운영 안내,0.8928571428571429
2023학년도 2학기 [러닝코어] 프로그램 시행 공고,2023학년도 2학기 [메이저러너] 프로그램 시행 안내,0.8
&quot;책사랑 책나눔 책읽기&quot; 문화행사 개최,책사랑 책나눔 책읽기 문화행사 개최,0.8260869565217391
2017-1학기 특별장학금 장학생 선발 안내,2017-1학기 발전기금재단 장학생 선발 안내,0.8085106382978723
2018-1학기 국가장학금 2차 신청 안내,[학부] 2018-1학기 국가장학금 2차 신청 안내,0.9361702127659576
(2023.1학기) 일본 기타미공업대학 교환학생 운영계획 알림(~11.24.),2023-1학기 일본 기타미 공업대학 교환학생 운영 계획 안내,0.8529411764705882
[장학]2009학년도 1학기 특별장학생 선발 안내,2009학년도 1학기 특별장학생 선발계획 통보,0.84
2019.1학기 [무한도전 : 학생주도형 비교과 학습지원 프로그램] 안내,2019학년도 1학기 [무한도전 - 학생 주도형 비교과 학습지원 프로그램] 시행 공고,0.8461538461538461
[육성사업_학생중심] 2024학년도 1학기 메이저러너 시행 공고(문),[육성사업_학생중심] 2024학년도 1학기 「러닝코어」 프로그램 시행 공고,0.8169014084507042
공유형 이동장치(PM) 동절기 교내 한시적 운행금지에 따른 협조요청,공유형 이동장치(PM) 동절기 교내 한시적 운행금지,0.8524590163934426
2012학년도 후기(2013년 8월) 졸업예정자 취득학점 포기 시행 계획 안내,2013년 8월 졸업예정자 취득학점 포기 시행 계획,0.8115942028985508
"2025년 제52기(하계) WFK PAS 청년봉사단 해외봉사 단원, 임원, 대학단일팀 모집 홍보 요청","★ 2025년 제52기（하계） WFK PAS 청년봉사단 해외봉사 단원, 임원, 대학단일팀 ＂대학추천자＂ 모집",0.8846153846153846
국제교류프로그램 설명회 홍보,국제교류프로그램 설명회 홍보 협조요청,0.8571428571428571
2020학년도 학교현장실습 대상자 수요조사 안내,2020학년도 학교현장실습 대상자 수요조사-2,0.92
2015학년도 하계 일본 돗토리대학 단기 어학연수 파견자 선발계획 공고,2015년도 하계 돗토리대학 단기어학연수 파견계획,0.8181818181818182
2020-1학기 KNU핵심역량장학금 선발 계획 안내,2020년 1학기 KNU핵심역량장학 선발 안내,0.8846153846153846
2023년 상반기 중남미 지역기구 파견 인턴 선발 안내,2023년 상반기 중남미 지역기구 파견 인턴 선발 안내-12.6.화까지,0.9090909090909092
2015학년도 숙명여자대학교 여름계절학기 수학 안내,2015학년도 경상대학교 하계 계절학기 수학 안내,0.8
2014학년도 한국교원대학교 동계 계절학기 수학 안내,2014학년도 경상대학교 동계 계절학기 수학 안내,0.8928571428571429
2009년 아름다운재단 실직가정 대학생 등록금 지원,2009년 아름다운재단 실직가정 대학생 마지막 등록금 지원사업 안내,0.8615384615384616
2023-1학기 학부 재학생 교내장학금(우선감면) 안내,2023-1학기 학부 재학생 교내장학금(우선감면) 신청 안내,0.9473684210526316
(국립대학 육성사업)문화유산 융합 영상디자인 전문가 양성 프로그램 ‘첨단과학기술과 문화유산의 만남’ 참여 안내 요청,(국립대학 육성사업)문화유산 융합 영상디자인 전문가 양성 프로그램 ‘첨단과학기술과 문화유산의 만남’ 참여 안내,0.9743589743589745
2021학년도 1학기 중간(기말)시험 유의사항 안내,2021학년도 1학기 중간(기말)시험 학생 유의사항 안내,0.9454545454545454
[필수] 2018년 인권.성평등(폭력 예방) 온라인 교육 안내,2018년 학생대상-인권·성평등(폭력 예방) 온라인 교육 안내,0.8813559322033898
2017-2학기 우선면제 장학금 신청 안내,2017-2 우선면제 장학금 신청자 서류 제출안내,0.8333333333333334
2023년 제1차 KB굿잡 우수기업 취업박람회 참여자 모집 안내,2023 KB굿잡 우수기업 취업박람회 참가 신청 안내,0.8125
본솔김종한장학재단 2019학년도 2학기 장학생 선발안내,본솔김종한장학재단 2019학년도 2학기 장학생 선발 안내,0.9836065573770492
'16학년도 2학기 국내외 현장실습 신청 안내(7.8~7.21),'16학년도 2학기 국내외 현장실습 운영 안내,0.8301886792452831
2017학년도 1학기 특별장학금 장학생 선발계획 안내,2017학년도 1학기 특별장학금 신청 안내,0.8076923076923077
[공지] 2022-2학기 동국대학교 일반대학원 교류 수학 안내,2022학년도 2학기 동국대학교 일반대학원 교류 수학 안내-7.28.목까지,0.8115942028985508
2020학년도 신입생 인.적성 검사 기간 연장 안내,2020학년도 신입생 인적성 검사 안내,0.875
2016학년도 두산연강재단 장학생 추천 의뢰,2016년도 두산연강재단 장학생 선발 안내,0.8085106382978723
2016-2학기 특별장학금 장학생 선발 안내(~10/27),2016학년도 2학기 특별장학금 장학생 선발계획 안내,0.8214285714285714
2020년 역량진단 서포터즈 시행,(8/31마감) 2020년 역량진단 서포터즈 시행 안내,0.8
2022학년도 겨울 계절수업 한국교원대학교 학점교류 수학 안내,2022학년도 겨울 계절수업 경북대학교 교류수학 안내,0.8571428571428571
2022년 2학기 국가장학금 1차 신청 안내,2022학년도 2학기 국가장학금 1차 신청 안내,0.96
2022. 8월 4주(2차) 추천 채용 정보 안내,2022. 8월 3주(1차) 추천 채용 정보 안내,0.9166666666666666
2023년 강원대학교 하반기 창업동아리 모집 안내,2023년 강원대학교 하반기 창업동아리 모집 안내 및 홍보,0.9152542372881356
2009 2학기 사회봉사과목 수강신청 및 봉사활동 신청 안내,2009. 2 사회봉사과목 수강 및 봉사활동 신청 안내,0.935483870967742
2019학년도 동계 계절수업 제주대학교 학점 교류 수학 안내,2019학년도 동계 계절수업 서울대학교 학점 교류 수학 안내,0.9393939393939394
2021학년도 전기 일반대학원 신입생(정원내) 모집 요강,2021학년도 전기 일반대학원 신입생(정원내) 모집 요강 안내,0.9508196721311476
2021학년도 2학기 일반대학원 전과 신청 안내,2021학년도 2학기 일반대학원 전과 시행 안내,0.9230769230769232
[장학] 2024학년도 2학기 KNU핵심역량 장학금 선발 안내,[학부] 2024-2학기 KNU핵심역량장학금 신청 안내,0.8135593220338984
인공지능(AI) 학습용 데이터 구축사업 참여자 모집 기간 연장 안내,인공지능(AI) 학습용 데이터 구축사업 참여자  모집안내,0.8888888888888888
2019년 한국사학진흥재단 청렴실천공모전 실시 안내,2019년 한국사학진흥재단 청렴실천공모전 실시 홍보 협조 요청,0.8387096774193549
2024학년도 비교과마일리지 장학제도 안내,2024 비교과마일리지 장학제도 안내,0.9302325581395348
[학부] 2025학년도 전과 모집 공고,2025학년도 전과 모집계획 공고 안내,0.8
(국가거점국립대학교) 2025. 1학기 경상국립대학교 교류 수학 안내,（국가거점국립대학교） 2025. 1학기 제주대학교 교류 수학 안내,0.9117647058823528
2021학년도 2학기 국제교류 프로그램 설명회 개최,2021학년도 2학기 국제교류 프로그램 설명회 홍보,0.9285714285714286
2019-1학기 재（복）학생 등록금 납부안내,2019학년도 1학기 재（복）학생 등록금 추가납부（최종） 안내,0.8235294117647058
<2019학년도 제2회 교직 적성·인성 검사 시행 계획>안내,2019학년도 제1회 교직 적성·인성 재검사 결과 조회 안내,0.8064516129032258
장학] 강원 사회복지공동모금회(여지영 행운터부동산컨설팅 대표) 장학생 선발,강원 사회복지공동모금회(여지영 행운터부동산컨설팅 대표) 장학생 선발 안내,0.9210526315789472
2015학년도 제주대학교 하계 계절학기 수학 안내,2015학년도 서울대학교 하계 계절학기 수학 안내,0.925925925925926
[안내]2020학년도 1학기 푸른등대 삼성기부장학사업 신규 장학생 선발 안내,2020학년도 1학기 푸른등대 삼성기부장학사업 신규 장학생 선발 안내,0.9743589743589745
2022-1학기 재학생 등록금 1차 추가납부기간 알림,2022-1학기 재학생 등록금 1차 추가납부기간 알림-3.3.(목)~4.(금) 16:00,0.8484848484848485
2023학년도 창의․융합 G-bridge 교육 참가자 모집 안내,2023학년도 창의융합 G-bridge 교육 참가자 모집 안내-12.11.월까지,0.9041095890410958
2023년 해외일경험지원사업 참여 청년 모집 안내,2023년 해외일경험지원사업 참여 청년 모집 안내-8.13.일까지,0.9
[대학혁신_교수학습] 2022학년도 2학기 [메이저러너] 프로그램 시행 공고,[대학혁신_교수학습] 2022학년도 2학기 [메이저러너] 프로그램 시행 공고-9.27.화까지,0.926829268292683
공지] 2016년 1학기 사랑드림 장학생 선발 안내,2016-1학기 사랑드림장학사업 신규장학생 선발 안내,0.8
2022학년도 2학기 교과 연계 학생주도형 비교과 학습지원 『무한도전』 공고,2022학년도 2학기 교과연계 학생주도형 비교과 학습지원 [무한도전] 공고,0.9873417721518988
[춘천]「2021년도 KNU 행복문고」프로그램 운영 안내,[학사]2021년 KNU 행복문고 프로그램 운영안내,0.8679245283018868
2020-1학기 지역사랑장학금 선발 안내,2020-1학기 지역사랑장학금 선발 계획 안내,0.9333333333333332
경북지역 대표 과수 기상융합서비스 앱 개선방안 공모전 알림(대구지방기상청 주관),경북지역 대표 과수 기상융합서비스 앱' 개선방안 공모전 홍보,0.8108108108108109
[강원지역혁신플랫폼] 동계 빅데이터 연구 인턴십 프로그램 학부생 모집,[강원지역혁신플랫폼] 동계 빅데이터 연구 인턴십 프로그램 학부생 모집 안내,0.96
2013 강원바이오 취업박람회 안내,2013 강원바이오엑스포 취업박람회 참여 안내,0.8636363636363636
(국가거점국립대학교) 2021학년도 2학기 충북대학교 교류 수학 안내,(국가거점국립대학교) 2021학년도 2학기 경상국립대학교 교류 수학 안내,0.918918918918919
"[장학] 2020-1학기 국가장학금Ⅱ유형 긴급 지원(실직, 폐업) 장학생 선발 안내(~6/30(화) 18:00까지)","2020-1학기 국가장학금Ⅱ유형 긴급 지원(실직, 폐업) 장학생 선발 안내",0.8409090909090909
2015학년도 1학기 특별장학금 장학생 선발계획(신청:5/12~22),2015학년도 1학기 특별장학금 장학생 선발,0.8421052631578947
2020학년도 동계 계절수업시간표 및 수강신청 안내,[학부]2020학년도 동계 계절수업시간표 및 수강신청 안내,0.9655172413793104
2021년 2학기 아시아지역(중국외) 자매대학 파견교환학생 추가 선발 안내,2021학년도 2학기 중국 자매대학 파견교환학생 선발 안내,0.8450704225352113
2023년 강원대학교 파란사다리 사업 안내,2023년 강원대학교 파란사다리 사업(국외 연수) 안내,0.9019607843137256
2024학년도 2학기 [좋은수업에세이] 공모전 시행 안내,2024-2학기 [좋은수업 에세이] 공모전 시행 안내,0.9090909090909092
2013-2014 타이페이 대표부 초청 장학생 선발요강 안내,2013-2014 타이페이 대표부 초청 장학생 선발 안내,0.967741935483871
"2021 응급처치 및 심폐소생술 실습 교육 (제1,2차)","(교직) 2021학년도 응급처치 및 심폐소생술 실습 교육 안내(제1,2차)",0.875
2017학년도 아산사회복지재단 장학생 선발 안내,2017학년도 아산사회복지재단 장학생 선발 안내(11/9까지),0.912280701754386
「2022년도 KNU 인권주간」 운영 안내 및 홍보 요청,「2022년도 KNU 인권주간」운영 안내,0.8163265306122449
(12/26마감) 2023학년도 교연비「학생지도영역 프로그램」재학생 만족도 설문  조사 참여 안내,2023학년도 교연비「학생지도영역 프로그램」재학생 만족도 설문  조사 참여 협조 요청,0.8478260869565217
2018학년도 신입생 사전수강 지도 안내,2018학년도 신입생 수강신청 안내,0.8292682926829268
(국가거점국립대학교) 2021학년도 2학기 경상국립대학교 교류 수학 안내-7.21,（국가거점국립대학교） 2021학년도 2학기 충남대학교 교류 수학 안내,0.8831168831168831
한국어능력시험(TOPIK) 대비반 운영 홍보 협조 요청,한국어능력시험(TOPIK) 대비반 운영 안내,0.8
2019학년도 2학기 수업 중간평가 시행 안내,2019학년도 2학기 수업 중간평가 시행 안내(10/25마감),0.8928571428571429
2020년 인권센터 서포터즈 모집 안내,2020년 인권센터 서포터즈 모집 안내_협조 요청-11.13,0.8076923076923077
2025학년도 1학기 공주대학교 교류 수학 안내,2025학년도 1학기 공주대학교 교류 수학 일정 수정 안내,0.896551724137931
2023학년도 하계 계절수업 전북대학교 교류수학 안내-4.25.화까지,2023학년도 하계 계절수업 충남대학교 교류수학 안내,0.84375
2017년 고른기회전형(저소득층) 입학생 어학능력 향상지원 프로그램 안내,2017년 고른기회전형(저소득층) 입학생 어학능력 향상지원 프로그램,0.958904109589041
[학사]2022학년도 2학기 학부생 수강신청 안내,[학부] 2022학년도 1학기 학부생 수강신청 안내,0.9019607843137256
2024학년도 1학기 현장실습학기제 운영 안내,2024학년도 1학기 표준 현장실습학기제 운영 안내,0.9433962264150944
겨울방학 학생주도 문제해결 역량 강화 캠프 학생 모집,겨울방학 학생주도 문제해결 역량 강화 캠프 학생 모집 안내,0.9508196721311476
2018학년도 1학기 수업 중간평가 접속방법 안내,2018학년도 1학기 수업 중간평가 시행,0.8163265306122449
"2022학년도 「학내 마음건강 지원」 1,2학년 온라인 심리검사 운영 안내","2022학년도 학내 마음건강 지원 1,2학년 온라인 심리검사 운영 계획(안)",0.961038961038961
2019학년도 2학기 한국교원대학교 교류 수학 안내,2019학년도 2학기 동국대학교（서울） 교류 수학 안내,0.8928571428571429
2020학년도 1학기 한국교원대 교류 수학 안내,2020학년도 1학기 충북대학교 교류 수학 안내,0.8461538461538461
2023학년도 후기 학사학위취득유예 신청 안내,2023학년도 후기('24.8).졸업예정자 학사학위취득유예신청 안내,0.8421052631578947
[안내]2020년도 하반기 춘천시민장학복지재단 장학생 선발 안내,2020년도 하반기 춘천시민장학복지재단 장학생 선발 안내,0.96875
2025학년도 신입생학생증 발급 안내,2025학년도 신입생 학생증 발급 안내,0.975609756097561
2018학년도 1학기 숙명여자대학교 교류 수학 안내,2018학년도 1학기 경상대학교 교류 수학 안내,0.8888888888888888
2019학년도 1학기 국가근로장학사업 희망근로기간 신청안내(~2/22.18시),2019학년도 1학기 국가근로장학사업 희망근로기관 신청안내(~2.22.),0.9315068493150684
2012년 KSD나눔재단 신규장학생 선발,2012년 KSD나눔재단 신규장학생 추천안내,0.8695652173913043
2020학년도 2학기 수강과목 취소 안내,2020학년도 2학기 수강신청 과목 취소 안내,0.9361702127659576
2025학년도 1학기 국가근로장학금 학생신청기간 안내-11.21.목.9시-12.26.목.18시까지,2025년 1학기 국가장학금 1차 신청 안내-11.21.목.9시-12.26.목.18시까지,0.8735632183908046
강원대학교 후문 광장 명칭 공모전 안내,(12/6마감) 강원대학교 후문 광장 명칭 공모전 안내,0.875
[대학혁신지원사업]KNU Master 체험 프로그램(1人 1藝體技),[대학혁신지원사업] KNU Master 체험 프로그램(1人1藝體技) 안내-9.20,0.8888888888888888
2021학년도 1학기 국가근로장학금 희망근로기관 신청 안내,2021학년도 1학기 국가장학금 2차 신청 안내,0.8275862068965517
캠퍼스 내 무단방치 이륜자동차(오토바이) 강제처리 예고,캠퍼스 내 무단방치 이륜자동차(오토바이) 강제처리 예고에 따른 협조 요청,0.8484848484848485
[대학혁신지원사업] KNU Master 체험프로그램(1인1예체기) 건강운동 300 2학기 재공고 안내(춘천캠퍼스),[대학혁신지원사업] KNU Master 체험 프로그램(1人1예체기) _건강운동 300_ 2학기 재공고 안내-9.2.금.18시까지,0.85
2021학년도 신입생 대상 사교육영향평가 및 대입정보 제공 욕구 설문조사 협조 요청,[안내]2021학년도 신입생 대상 사교육영향평가 및 대입정보 제공 요구 설문조사안내,0.8666666666666667
(차세대반도체 혁신공유대학)2021학년도 2학기 서울대학교 교류 수학 안내,(차세대반도체혁신공유대학)2021학년도 2학기 포항공과대학교 교류 수학 안내,0.9113924050632912
2013학년도 1학기 재학생 등록금 수납계획 알림(정규납부2.22-2.27),2013학년도 1학기 재학생 등록금 수납계획 알림,0.84375
2022 공자아카데미 봄학기 중국어강좌 개설 안내,2022 공자아카데미 봄학기 중국어강좌 안내,0.9411764705882352
2023학년도 2학기 KNU Honors Day 행사 안내,2023학년도 2학기 『KNU Honors Day』행사 안내,0.984126984126984
[장학]2019년 중소기업 취업연계 장학사업(희망사다리) 학생 신청 안내,2019년 중소기업 취업연계 장학사업（희망사다리） 학생 신청 안내,0.9714285714285714
(국가거점국립대학교) 2023학년도 2학기 전남대학교 교류 수학 안내-7.19.수까지,(국가거점국립대학교) 2023학년도 2학기 전북대학교 교류 수학 안내-7.18.화까지,0.9285714285714286
2024-2학기 부.복수전공 신청 안내,24학년도 2학기 부ㆍ복수전공 신청 안내,0.8292682926829268
2024-1 학부생 재입학 추가모집 안내,2024학년도 1학기 학부생 재입학 추가모집 계획 안내,0.8235294117647058
2018학년도 하계 러닝아카데미(구수한클리닉) 사업 공고,2018학년도 하계 러닝아카데미(구수한 클리닉) 사업 공고,0.9830508474576272
2017-2학기 장학사정관제 장학금 장학생 선발계획 알림,2017-2학기 장학사정관제 장학생 선발 안내,0.8148148148148148
2020.2학기 롯데장학재단 희망멘토링 장학생 선발 안내,2020학년도 2학기 롯데장학재단 희망멘토링 장학생 선발 안내,0.9375
[대학원] 2025학년도 1학기 일반대학원 수강신청 안내,2025학년도 1학기 학부 수강신청 안내,0.8235294117647058
"2015년 학생 대상_폭력,가정폭력 예방 온라인 교육 안내",2015년 성폭력·가정폭력 예방 온라인 교육,0.8148148148148148
[필독] 2022학년도 교양 교육과정 개편에 따른 수강안내,2022학년도 교양 교육과정 개편에 따른 수강지도 안내,0.9
2016학년도 2학기 타대학교 수학 안내,2016학년도 2학기 충북대학교 교류수학 안내,0.8936170212765957
[학부]2021 바이오 기능성 소재 개발 직무역량강화 교육 참여학생 모집 안내,2021 바이오 기능성 소재 개발 직무역량강화 교육,0.8115942028985508
(필독!)2023학년도 2학기 학부 수강신청 안내,2023. 2학기 학부 수강신청 안내,0.8837209302325582
2018년 파란사다리 장학생 선발 안내,2018년 파란사다리 장학생 선발 안내(5/4(금)까지),0.8936170212765957
2022학년도 교직과정 및 교직 복수전공 이수 예정자 선발 안내,[제출기한 연장-필독] 2022학년도 교직과정 및 교직 복수전공 이수 예정자 선발 안내,0.875
2017학년도 2학기 학석사 연계과정 모집 안내,[2017학년도 2학기 학석사 연계과정 모집안내],0.9803921568627452
2023학년도 2학기 학부 수강신청 일정 안내,2023학년도 2학기 수강신청 및 시간표 안내,0.8
2025년 강원대학교 파란사다리 사업 안내 및 홍보,2025년 강원대학교 파란사다리 사업 운영 안내,0.8518518518518519
강원대생 건강검진 실시 안내,강원대생 건강검진 실시 안내(수정),0.9375
2019년도 대산농촌재단 장학생 선발 안내,2019년 아산사회복지재단 장학생 선발 안내,0.8085106382978723
[강원지역혁신플랫폼 대학교육혁신본부] 2023학년도 동계 영어몰입 Clinic （토익） 프로그램 모집 안내,[강원지역혁신플랫폼 대학교육혁신본부] 2023학년도 동계 영어몰입 Clinic(토익) 프로그램 안내,0.9622641509433962
2023학년도 후기 학위수여식 계획 안내,2023학년도 후기 학위수여식 계획 안내（24.08 졸업),0.8627450980392157
2020-1학기 지역사랑장학금 선발 안내,2020-1학기 지역사랑장학금 선발 계획 안내,0.9333333333333332
2021학년도 동계 계절수업 개강 후 취소기간 안내,2021학년도 동계 계절수업 개강 후 취소기간 및 취소절차 안내,0.8888888888888888
2024학년도 1학기 서울시립대학교 교류 수학 안내,2024학년도 1학기 전남대학교 일반대학원 교류 수학 안내,0.8
2021학년도 하계 계절수업 한국교원대학교 교류수학 안내,2021학년도 하계 계절수업 인하대학교 교류수학 안내,0.9
2015 강원대학교 캡스톤디자인 경진대회 개최 안내,2015강원대학교 캡스톤디자인 경진대회 개최 안내,0.9818181818181818
2019학년도 1학기 수업 기말평가 안내,2019학년도 1학기 수업 기말평가 시행 안내,0.9361702127659576
2022년 1학기 리더스 취업스터디 모집 안내,2022-1학기 [리더스 취업스터디]모집 안내,0.9361702127659576
LINC+ 사업단 창업아이디어(코너스톤 연계) 프로그램 참여 안내,LINC+ 사업단 창업아이디어(코너스톤 연계) 프로그램 안내,0.9523809523809524
2018학년도 일본 오미후루사토회 해외파견 자원봉사자 모집,2018학년도 일본 오미후루사토회 해외파견 자원봉사자 모집 안내,0.9552238805970148
2021학년도 동계 계절수업 전남대학교 교류수학 안내,2021학년도 동계 계절수업 경상국립대학교 교류수학 안내,0.9
2015.2학기 장학사정관제장학금 장학생 선발 계획,2015­2학기 장학사정관제 장학금 장학생 선발계획 알림,0.912280701754386
2013년도 전반기 중국어권 자매대학 교환학생 파견 대상자 선발계획,2013년도 전반기 일본 자매대학 교환학생 파견 대상자 선발계획 안내,0.88
2019학년도 1학기 일반대학원 학·석사 연계과정 모집 안내,2019학년도 1학기 학ㆍ석사 연계과정 모집 안내,0.8813559322033898
[대학혁신지원사업] 2020학년도 2학기 「좋은수업에세이」 공모전 시행 공고,[대학혁신지원사업] 2020학년도 2학기 「좋은수업에세이」 공모전,0.9142857142857144
2020학년도 1학기 재학생 학자금(생활비) 우선 대출 기간 안내,2020학년도 1학기 재학생 학자금(생활비) 우선 대출 기간 안내(1.28~2.17),0.918918918918919
2018-1학기 교내우선면제장학 배정안내,2018-1학기 우선면제장학금 신청 안내,0.8095238095238095
"2022학년도 3,4학년 대상 온리안 심리검사 운영 안내","2022년 3,4학년 대상 온라인 심리검사 운영 안내",0.896551724137931
강원대학교 산학협력통합정보시스템(UNI-ON) B. I. 아이디어 공모 개최 계획,강원대학교 산학협력통합정보시스템(UNI-ON) B. I. 아이디어 공모 개최 계획-5.31.금.18시까지,0.898876404494382
2023-1학기 KNU-SOS장학금 신청 안내,2023-1학기 KNU-SOS 장학생 선발 계획 안내,0.8
2024년 1학기 아시아 권역 자매대학 파견 교환학생 선발 안내-9.14.목.14시까지,2024년 1학기 아시아 권역 자매대학 파견 교환학생 선발 안내,0.8860759493670886
2017학년도 하계 전북대학교 계절수업 교류 수학 안내,2017학년도 하계 충북대학교 계절수업 교류 수학안내,0.9491525423728814
2020년 서울희망 대학 장학금 장학생 모집 안내,2020년 서울장학재단 <서울희망 대학 장학금> 장학생 모집 안내,0.8852459016393442
강원대학교 '제약·바이오 품질분석 전문가과정' 참가자 모집-마감,'제약·바이오 품질분석 전문가과정' 참가자 모집 안내,0.8070175438596491
2015-2016학년도 장·단기 해외어학연수 추가 선발[~10/27],2015-2016학년도 장·단기 해외어학연수 추가선발 계획 안내,0.8307692307692308
[대학혁신지원사업] 2021학년도 다전공 베스트 포트폴리오 공모전 안내,2021학년도 다전공 베스트 포토폴리오 공모전 안내,0.8307692307692308
2021학년도 2학기 [무한도전: 학생 주도형 비교과 학습지원 프로그램] 공고,2021학년도 2학기 [무한도전_ 학생 주도형 비교과 학습지원 프로그램] 공고,0.9876543209876544
2023학년도 2학기 경북대학교 일반대학원 교류 수학 안내,2023학년도 2학기 서울대학교 교류 수학 안내,0.8275862068965517
(1/14마감) 2021년도 겨울학기 한국어연수과정 버디 프로그램 참가자 모집 안내,2021년도 겨울학기 한국어연수과정 버디 프로그램 참가자 모집,0.8831168831168831
2024-1 신입생 RC [Chat-GPT 활용교육] 프로그램 운영 안내,(3/22마감) 2024학년도 1학기 신입생 RC [Chat-GPT 활용교육] 프로그램 운영 안내,0.8571428571428571
2018학년도 1학기 숙명여자대학교 교류 수학 안내,2018학년도 1학기 인천대학교 교류 수학 안내,0.8888888888888888
2022. 10월 2주 추천 채용 정보 안내,2022. 10월 4주(2차) 추천 채용 정보 안내,0.9166666666666666
2024학년도 2학기 가송재단 신규장학생 신청 안내,2024학년도 2학기 가송재단 신규장학생 선발 안내,0.9285714285714286
2024학년도 하계 계절수업 국립부경대학교 교류수학 안내,2024학년도 여름 계절수업 충남대학교 교류수학 안내,0.8333333333333334
JOB카페(잡카페) 취업지원도서 무료 배부 안내,JOB카페(잡카페) 과년도 취업지원도서 무료 배부,0.8571428571428571
2021학년도 2학기 외국인 유학생 튜터링 프로그램 홍보 협조 요청,2021학년도 2학기 외국인 유학생 튜터링 프로그램 참가자 모집,0.8333333333333334
2021학년도 1학기 중소기업 취업연계 장학사업（희망사다리Ⅰ 유형） 신규 장학생 신청기간 안내,[장학] 2021학년도 1학기 중소기업 취업연계 장학사업(희망사다리Ⅰ유형) 신규장학생 학생신청 안내(~ 4/2(금) 18시까지 연장),0.8070175438596491
대학일자리센터 특화프로그램 _공모전 대비 온라인 특강-실전편 안내,대학일자리센터 특화프로그램 _공모전 대비 온라인 특강-실전편_ 안내-11.4(온라인선착순신청),0.8536585365853658
2021-1 무한도전 학생주도형 비교과 학습지원 프로그램 신청,2021년 1학기 [무한도전 학생주도형 비교과 학습지원프로그램] 공고,0.8695652173913043
2023학년도 2학기 동국대학교 일반대학원 교류 수학 안내,2023학년도 2학기 서울대학교 교류 수학 안내,0.8275862068965517
"""고른기회전형 입학생 해외 문화 탐방"" 참가 신청 안내",[학부] 고른기회전형 입학생 해외 문화 탐방 참가 신청 안내(~11.13.),0.8888888888888888
「2021 대학 교수·학습 과정에 관한 설문조사」실시 안내,2021 대학 교수·학습 과정에 관한 설문조사」실시 요청,0.9310344827586208
2019-2020 브루나이 정부 초청 장학생 선발 안내,2019-2020 중국 정부 초청 장학생 선발 안내,0.8928571428571429
2018학년도 하계 계절수업 전남대학교 학점 교류 수학 안내,2018학년도 하기 계절수업 제주대학교 학점 교류 수학 안내,0.9090909090909092
2021 창업동아리 모집 홍보,2021 창업동아리 모집  안내,0.875
2023년도 학생·교직원 e-루리 장애인식개선교육(법정의무교육) 수강 안내,[필수]2023년도 학생 대상 장애인식개선교육(법정의무교육) 안내,0.8115942028985508
<2024학년도 전기 학사학위취득유예 신청 및 접수 안내>,[학사] 2024학년도 전기 학사취득유예 신청 및 접수 안내,0.918032786885246
2015년 하계 국제워크캠프 해외파견 봉사자 모집,[안내] 2015년 하계 국제워크캠프 해외파견 봉사자 모집,0.9473684210526316
2019 하계 국내 현장실습 참가희망자 모집 안내,SW중심대학사업단 2019 하계 국내 현장실습 참가희망자 모집 안내,0.84375
2023년 1학기 발전기금재단 「정강 장학회」 장학생 선발 안내(~3/13),2023년 1학기 발전기금재단 「정강 장학회」 장학 신청 안내,0.8823529411764706
2021학년도 하계 비교과 프로그램 운영,2021년 하계 비교과 프로그램운영 안내,0.8636363636363636
'레고랜드코리아' 2022학년도 1학기 현장실습학기제 2차 설명회 참여 학생 모집,"'레고랜드코리아' 2022학년도 1학기 현장실습학기제 2차 설명회 참여 학생 모집 안내-12.21.화.14시,글로벌경영관105호",0.8037383177570093
(국가거점국립대학교) 2023학년도 2학기 제주대학교 교류 수학 안내,(국가거점국립대학교) 2023학년도 2학기 경북대학교 교류 수학 안내,0.9444444444444444
2022학년도 동계 계절수업 인천대학교 교류수학 안내,2022학년도 동계 계절수업 제주대학교 교류수학 안내,0.9310344827586208
2021 파란사다리 사업 안내,2021년 파란사다리 사업 안내,0.9696969696969696
2021년도 KNU 동계 부트캠프 프로그램 참가 신청 안내,(1/7마감) 2021년도 KNU 동계 부트캠프 프로그램 참가 신청 안내,0.927536231884058
[학부]2021 하반기 건강보험심사평가원 채용공고 분석 특강 참가자 모집 안내,2021 하반기 건강보험심사평가원 채용공고 분석 특강 참가자 모집 안내,0.975
신입생 인증용 온라인교육 이수안내,도서관 신입생 인증용 온라인교육 이수안내,0.9
2025학년도 1학기 학·석사 연계과정 모집 안내,2025학년도 1학기 학·석사 연계과정 모집 안내( ~ 10/18(금)까지),0.8666666666666667
2016학년도 1학기 숙명여자대학교 수학 안내,2016학년도 1학기 강릉원주대학교 수학 안내,0.84
2020-2학기 재학생 분할납부 4차 및 미등록자추가 등록금 수납 알림,[학부]2020-2학기 재학생 분할납부 4차 및 미등록자추가 등록금 수납 알림,0.9743589743589745
집단프로그램 참여자 모집 안내,집단 프로그램 참여자 모집,0.8666666666666667
2학기 학생 무료 건강검진 실시 안내,강원대학교 학생 무료 건강검진 실시 안내,0.8571428571428571
전동형 킥보드 등 개인형 이동장치 안전운행 설문조사 참여 안내,전동형 킥보드 등 개인형 이동장치 안전운행 설문조사 안내,0.953846153846154
[학부]2021 후기 한일 공동 고등교육 유학생 교류사업 학부 1년 과정 및 석·박사 학위과정 장학생 추천자 선발 안내,2021 후기 한일 공동 고등교육 유학생 교류사업 학부 1년 과정 및 석·박사 학위과정 장학생 추천자 선발 안내,0.9838709677419356
2025학년도 1학기 해외파견 프로그램 및 홍보 설명회 운영일정 사전 안내 홍보 협조 요청,2025학년도 1학기 해외파견 프로그램 및 홍보 설명회 운영일정 사전 안내,0.9010989010989012
2022 신입생을 위한 학습역량강화특강 신청 안내,2022학년도 [신입생을 위한 학습역량강화특강],0.8235294117647058
[학부]2021년 제12기 사회리더 대학생 멘토링 멘티모집 안내,2021년 제12기 사회리더 대학생 멘토링 멘티모집 안내,0.96875
[안내]2018년 동계 단기 해외어학연수생 선발안내,2018학년도 동계 단기 해외어학연수생 선발안내,0.9230769230769232
백령스포츠센터 『제한적 확대 운영』에 따른 안내,백령스포츠센터 제한적 확대 운영 안내,0.9090909090909092
2015학년도 2학기 충북대학교 수학 안내,2015학년도 2학기 세종대학교 수학 안내,0.9130434782608696
2017학년도 1학기 경북대학교 교류 수학 안내,2017학년도 1학기 전북대학교 교류 수학 안내,0.9615384615384616
2022학년도 2학기 중간 수업평가 시행 안내,[학부] 2022-2학기 중간 수업평가 시행 안내,0.8571428571428571
적외선분광기(FT-IR) 세미나 안내,﻿적외선 분광기(FT-IR) 세미나﻿,0.875
2024학년도 겨울 계절수업 세종대학교 교류수학 안내,2024학년도 겨울 계절수업 국립부경대학교 교류수학 안내,0.9
2015년 1학기 한국장학재단 학자금지원 '가구원 사전동의' 신청,'15년 1학기 한국장학재단 학자금지원 '가구원 사전동의' 홍보 요청,0.8985507246376812
강원대학교 학생 무료 건강검진 실시 안내,2학기 학생 무료 건강검진 실시 안내,0.8571428571428571
"캠퍼스간(춘천<->삼척, 도계) 교양과목 교차 수강신청 실시 안내","캠퍼스간(춘천_-_삼척, 도계) 교양과목 교차 수강신청 실시 안내",0.967741935483871
강원대학교 학생홍보대사 가온 모집 안내,[모집]강원대학교 홍보대사 [가온] 모집 안내,0.9047619047619048
2022학년도 교·사대생 등 대학생 튜터링 사업 장학생 모집 안내,"2022학년도 교,사대생 등 대학생 튜터링 사업 튜터 모집 안내",0.927536231884058
2015년 동계 월드프렌즈 청년봉사단 31기 단원 모집,2015년 월드프렌즈 청년봉사단 31기 단원 모집,0.9473684210526316
2020-1학기 KNU-SOS장학생 선발,2020-1학기 KNU-SOS 장학생 선발 안내,0.9090909090909092
2020년 1학기 국가근로장학사업 학생신청기간 안내,2020학년도 1학기 국가근로장학사업 학생신청기간 안내-11.19-12.17,0.8484848484848485
(5/29마감) 춘천시청년청 청년정책LAB 제3기 청년연구활동가 모집 홍보 안내,춘천시청년청 청년정책LAB 제3기 청년연구활동가 모집 홍보 안내,0.9210526315789472
[안내]2016년 월드프렌즈 청년봉사단 32기 단원 모집,2016학년도 월드프렌즈 청년봉사단 32기 단원 모집,0.9310344827586208
2022학년도 미래융합가상학과·연계전공 연장 허가 및 폐지 공고,2022학년도 미래융합가상학과 및 연계전공 연장허가 공고,0.8615384615384616
2014학년도 2학기 충남대학교 교류수학 안내,2014학년도 2학기 한국교원대학교 교류수학 안내,0.8846153846153846
2014학년도 충북대학교 동계 계절학기 수학 안내,2013학년도 전북대학교 하계 계절학기 수학 안내,0.8888888888888888
"2024 강원대학교 대학교수,학습 혁신에 관한 설문조사 안내(학생)",「2024 강원대학교 대학 교수·학습 혁신에 관한 설문조사」 안내,0.9552238805970148
﻿2021학년도 하계 계절수업（단기해외어학연수） 학점인정 신청 안내,2021학년도 하계 계절수업 해외어학연수 학점인정 신청 안내-3.31,0.9142857142857144
2018학년도 2학기 경상대학교 교류 수학 안내,2018학년도 2학기 부산대학교 교류 수학 안내,0.9230769230769232
2022학년도 후기 일반대학원  조경학과 신입생(정원내) 모집,2022학년도 후기 일반대학원 신입생(정원내) 모집 안내,0.8666666666666667
2021년 헌혈우수자 장학생 선발 안내,2021년 헌혈우수자 장학생 선발 안내-11.3.수까지,0.875
2022년 11월 4주(1차) 추천 채용 정보 안내,2022년 11월 3주(2차) 추천 채용 정보 안내,0.9230769230769232
(4/24마감) 청년친화형 기업 ESG 지원 사업 'Remote Internship' 프로그램 신청 재안내(기간 연장),청년친화형 기업 ESG 지원 사업 'Remote Internship' 프로그램 신청 재안내(기간 연장),0.9464285714285714
2020-2학기 지역사랑장학금 장학생 추가선발 안내,2020-2학기 지역사랑장학금 추가선발 안내,0.92
2024학년도 겨울 계절수업 충남대학교 교류수학 안내,2024학년도 겨울 계절수업 동국대학교 교류수학 안내,0.9310344827586208
